{"cameraMode":{"drawMode":0,"name":"Shaded","section":"Shading Mode"},"sceneLighting":false,"audioPlay":false,"sceneViewState":{"m_AlwaysRefresh":false,"showFog":true,"showSkybox":false,"showFlares":true,"showImageEffects":true,"showParticleSystems":true,"showVisualEffectGraphs":true,"m_FxEnabled":true},"in2DMode":false,"pivot":{"x":-19.349998474121095,"y":0.7108869552612305,"z":-0.21105623245239259},"rotation":{"x":0.15625308454036714,"y":0.0044447737745940689,"z":-0.0007031032000668347,"w":0.9877077341079712},"size":25.1843204498291,"orthographic":true}