{"cameraMode":{"drawMode":0,"name":"Shaded","section":"Shading Mode"},"sceneLighting":false,"audioPlay":false,"sceneViewState":{"m_AlwaysRefresh":false,"showFog":true,"showSkybox":false,"showFlares":true,"showImageEffects":true,"showParticleSystems":true,"showVisualEffectGraphs":true,"m_FxEnabled":true},"in2DMode":false,"pivot":{"x":8.334431648254395,"y":1.6785593032836915,"z":-10.814375877380371},"rotation":{"x":0.05099055916070938,"y":-0.23592068254947663,"z":0.012397225014865399,"w":0.9703565835952759},"size":11.999513626098633,"orthographic":true}