{"cameraMode":{"drawMode":0,"name":"Shaded","section":"Shading Mode"},"sceneLighting":false,"audioPlay":false,"sceneViewState":{"m_AlwaysRefresh":false,"showFog":true,"showSkybox":false,"showFlares":true,"showImageEffects":true,"showParticleSystems":true,"showVisualEffectGraphs":true,"m_FxEnabled":true},"in2DMode":false,"pivot":{"x":-2.069589138031006,"y":2.202949047088623,"z":3.4986648559570314},"rotation":{"x":0.26071399450302126,"y":0.040532950311899188,"z":-0.010956443846225739,"w":0.9645026326179504},"size":74.97889709472656,"orthographic":true}