{"cameraMode":{"drawMode":0,"name":"Shaded","section":"Shading Mode"},"sceneLighting":true,"audioPlay":false,"sceneViewState":{"m_AlwaysRefresh":false,"showFog":true,"showSkybox":true,"showFlares":true,"showImageEffects":true,"showParticleSystems":true,"showVisualEffectGraphs":true,"m_FxEnabled":true},"in2DMode":false,"pivot":{"x":58.99382019042969,"y":22.783668518066408,"z":0.220428466796875},"rotation":{"x":0.31081339716911318,"y":0.049869466572999957,"z":-0.016332698985934259,"w":0.9490206837654114},"size":58.117122650146487,"orthographic":true}